{"cameraMode":{"drawMode":0,"name":"Shaded","section":"Shading Mode"},"sceneLighting":true,"audioPlay":false,"sceneViewState":{"showFog":true,"showMaterialUpdate":true,"showSkybox":true,"showFlares":true,"showImageEffects":true,"showParticleSystems":true},"in2DMode":false,"pivot":{"x":-29.277755737304689,"y":-2.9376068115234377,"z":-37.12702941894531},"rotation":{"x":-0.14674226939678193,"y":0.58331698179245,"z":-0.10814164578914643,"w":-0.7915282249450684},"size":24.100353240966798,"orthographic":false}